[
  {
    "Make":"Honda",
    "Time":"2015-01-01T00:00:01.0000000Z",
    "Weight":2000
  },
  {
    "Make":"Toyota",
    "Time":"2015-01-01T00:00:02.0000000Z",
    "Weight":25000
  },
  {
    "Make":"Honda",
    "Time":"2015-01-01T00:00:03.0000000Z",
    "Weight":26000
  },
  {
    "Make":"Toyota",
    "Time":"2015-01-01T00:00:04.0000000Z",
    "Weight":25000
  },
  {
    "Make":"Honda",
    "Time":"2015-01-01T00:00:05.0000000Z",
    "Weight":26000
  },
  {
    "Make":"Toyota",
    "Time":"2015-01-01T00:00:06.0000000Z",
    "Weight":25000
  },
  {
    "Make":"Honda",
    "Time":"2015-01-01T00:00:07.0000000Z",
    "Weight":26000
  },
  {
    "Make":"Toyota",
    "Time":"2015-01-01T00:00:08.0000000Z",
    "Weight":2000
  }
]