[
	{
		"sensorid":"s1",
		"value":"70",
		"time":"2015-09-29T17:48:42"
	},
	{
		"sensorid":"s2",
		"value":"55",
		"readtime":"2015-09-29T17:48:49"
	},
	{
		"sensorid":"s1",
		"value":"78",
		"time":"2015-09-29T17:48:53"
	},
	{
		"sensorid":"s2",
		"value":"45",
		"readtime":"2015-09-29T17:48:57"
	},
	{
		"sensorid":"s1",
		"value":"82",
		"time":"2015-09-29T17:49:02"
	},
	{
		"sensorid":"s1",
		"value":"73",
		"time":"2015-09-29T17:49:07"
	},
	{
		"sensorid":"s2",
		"value":"51",
		"readtime":"2015-09-29T17:49:11"
	},
	{
		"sensorid":"s2",
		"value":"48",
		"readtime":"2015-09-29T17:49:15"
	}
]