[
  {
    "TollId":1,
    "EntryTime":"2014-09-10T12:01:00.0000000Z",
    "LicensePlate":"JNB 7001",
    "State":"NY",
    "Make":"Honda",
    "Model":"CRV",
    "VehicleType":1,
    "VehicleWeight":0,
    "Toll":7,
    "Tag":null
  },
  {
    "TollId":1,
    "EntryTime":"2014-09-10T12:02:00.0000000Z",
    "LicensePlate":"YXZ 1001",
    "State":"NY",
    "Make":"Toyota",
    "Model":"Camry",
    "VehicleType":1,
    "VehicleWeight":0,
    "Toll":4,
    "Tag":123456789
  },
  {
    "TollId":3,
    "EntryTime":"2014-09-10T12:02:00.0000000Z",
    "LicensePlate":"ABC 1004",
    "State":"CT",
    "Make":"Ford",
    "Model":"Taurus",
    "VehicleType":1,
    "VehicleWeight":0,
    "Toll":5,
    "Tag":456789123
  },
  {
    "TollId":2,
    "EntryTime":"2014-09-10T12:03:00.0000000Z",
    "LicensePlate":"XYZ 1003",
    "State":"CT",
    "Make":"Toyota",
    "Model":"Corolla",
    "VehicleType":1,
    "VehicleWeight":0,
    "Toll":4,
    "Tag":null
  },
  {
    "TollId":1,
    "EntryTime":"2014-09-10T12:03:00.0000000Z",
    "LicensePlate":"BNJ 1007",
    "State":"NY",
    "Make":"Honda",
    "Model":"CRV",
    "VehicleType":1,
    "VehicleWeight":0,
    "Toll":5,
    "Tag":789123456
  },
  {
    "TollId":2,
    "EntryTime":"2014-09-10T12:05:00.0000000Z",
    "LicensePlate":"CDE 1007",
    "State":"NJ",
    "Make":"Toyota",
    "Model":"4x4",
    "VehicleType":1,
    "VehicleWeight":0,
    "Toll":6,
    "Tag":321987654
  },
  {
    "TollId":2,
    "EntryTime":"2014-09-10T12:06:00.0000000Z",
    "LicensePlate":"BAC 1005",
    "State":"NY",
    "Make":"Toyota",
    "Model":"Camry",
    "VehicleType":1,
    "VehicleWeight":0,
    "Toll":5.5,
    "Tag":567891234
  },
  {
    "TollId":1,
    "EntryTime":"2014-09-10T12:07:00.0000000Z",
    "LicensePlate":"ZYX 1002",
    "State":"NY",
    "Make":"Honda",
    "Model":"Accord",
    "VehicleType":1,
    "VehicleWeight":0,
    "Toll":6,
    "Tag":234567891
  },
  {
    "TollId":2,
    "EntryTime":"2014-09-10T12:07:00.0000000Z",
    "LicensePlate":"ZXY 1001",
    "State":"PA",
    "Make":"Toyota",
    "Model":"Camry",
    "VehicleType":1,
    "VehicleWeight":0,
    "Toll":4,
    "Tag":987654321
  },
  {
    "TollId":3,
    "EntryTime":"2014-09-10T12:08:00.0000000Z",
    "LicensePlate":"CBA 1008",
    "State":"PA",
    "Make":"Ford",
    "Model":"Mustang",
    "VehicleType":1,
    "VehicleWeight":0,
    "Toll":4.5,
    "Tag":891234567
  },
  {
    "TollId":2,
    "EntryTime":"2014-09-10T12:09:00.0000000Z",
    "LicensePlate":"DCB 1004",
    "State":"NY",
    "Make":"Volvo",
    "Model":"S80",
    "VehicleType":1,
    "VehicleWeight":0,
    "Toll":5.5,
    "Tag":654321987
  },
  {
    "TollId":2,
    "EntryTime":"2014-09-10T12:09:00.0000000Z",
    "LicensePlate":"CDB 1003",
    "State":"PA",
    "Make":"Volvo",
    "Model":"C30",
    "VehicleType":1,
    "VehicleWeight":0,
    "Toll":5,
    "Tag":765432198
  },
  {
    "TollId":3,
    "EntryTime":"2014-09-10T12:09:00.0000000Z",
    "LicensePlate":"YZX 1009",
    "State":"NY",
    "Make":"Volvo",
    "Model":"V70",
    "VehicleType":1,
    "VehicleWeight":0,
    "Toll":4.5,
    "Tag":912345678
  },
  {
    "TollId":3,
    "EntryTime":"2014-09-10T12:10:00.0000000Z",
    "LicensePlate":"BCD 1002",
    "State":"NY",
    "Make":"Toyota",
    "Model":"Rav4",
    "VehicleType":1,
    "VehicleWeight":0,
    "Toll":5.5,
    "Tag":876543219
  },
  {
    "TollId":1,
    "EntryTime":"2014-09-10T12:10:00.0000000Z",
    "LicensePlate":"CBD 1005",
    "State":"NY",
    "Make":"Toyota",
    "Model":"Camry",
    "VehicleType":1,
    "VehicleWeight":0,
    "Toll":4,
    "Tag":543219876
  },
  {
    "TollId":1,
    "EntryTime":"2014-09-10T12:11:00.0000000Z",
    "LicensePlate":"NJB 1006",
    "State":"CT",
    "Make":"Ford",
    "Model":"Focus",
    "VehicleType":1,
    "VehicleWeight":0,
    "Toll":4.5,
    "Tag":678912345
  },
  {
    "TollId":3,
    "EntryTime":"2014-09-10T12:12:00.0000000Z",
    "LicensePlate":"PAC 1209",
    "State":"NJ",
    "Make":"Chevy",
    "Model":"Malibu",
    "VehicleType":1,
    "VehicleWeight":0,
    "Toll":6,
    "Tag":219876543
  },
  {
    "TollId":2,
    "EntryTime":"2014-09-10T12:15:00.0000000Z",
    "LicensePlate":"BAC 1005",
    "State":"PA",
    "Make":"Peterbilt",
    "Model":"389",
    "VehicleType":2,
    "VehicleWeight":2.675,
    "Toll":15.5,
    "Tag":567891234
  },
  {
    "TollId":3,
    "EntryTime":"2014-09-10T12:15:00.0000000Z",
    "LicensePlate":"EDC 3109",
    "State":"NJ",
    "Make":"Ford",
    "Model":"Focus",
    "VehicleType":1,
    "VehicleWeight":0,
    "Toll":4,
    "Tag":198765432
  },
  {
    "TollId":2,
    "EntryTime":"2014-09-10T12:18:00.0000000Z",
    "LicensePlate":"DEC 1008",
    "State":"NY",
    "Make":"Toyota",
    "Model":"Corolla",
    "VehicleType":1,
    "VehicleWeight":0,
    "Toll":4,
    "Tag":null
  },
  {
    "TollId":1,
    "EntryTime":"2014-09-10T12:20:00.0000000Z",
    "LicensePlate":"DBC 1006",
    "State":"NY",
    "Make":"Honda",
    "Model":"Civic",
    "VehicleType":1,
    "VehicleWeight":0,
    "Toll":5,
    "Tag":432198765
  },
  {
    "TollId":2,
    "EntryTime":"2014-09-10T12:20:00.0000000Z",
    "LicensePlate":"APC 2019",
    "State":"NJ",
    "Make":"Honda",
    "Model":"Civic",
    "VehicleType":1,
    "VehicleWeight":0,
    "Toll":4,
    "Tag":345678912
  },
  {
    "TollId":1,
    "EntryTime":"2014-09-10T12:22:00.0000000Z",
    "LicensePlate":"EDC 1019",
    "State":"NJ",
    "Make":"Honda",
    "Model":"Accord",
    "VehicleType":1,
    "VehicleWeight":0,
    "Toll":4,
    "Tag":null
  }
]
