[{"time":"2014-12-11T02:24:56.8850110Z","hmdt":42.7,"temp":72.6,"prss":98187.75,"lght":0.38,"dspl":"R-PI Olivier's Office"},{"time":"2014-12-11T02:25:16.4645330Z","hmdt":45.2,"temp":74.4,"prss":98103.0,"lght":0.06,"dspl":"R-Pi Elisa"},{"time":"2014-12-11T02:25:35.0144910Z","hmdt":46.7,"temp":70.8,"prss":98053.0,"lght":0.12,"dspl":"R-Pi Redmond b9/1508"},{"time":"2014-12-11T02:25:54.1327030Z","hmdt":46.7,"temp":70.7,"prss":98046.25,"lght":0.12,"dspl":"R-Pi Redmond b9/1508"},{"time":"2014-12-11T02:24:52.7679810Z","hmdt":46.7,"temp":70.8,"prss":98047.25,"lght":0.12,"dspl":"R-Pi Redmond b9/1508"},{"time":"2014-12-11T02:25:11.8795170Z","hmdt":46.7,"temp":70.8,"prss":98051.75,"lght":0.12,"dspl":"R-Pi Redmond b9/1508"},{"time":"2014-12-11T02:25:30.1013860Z","hmdt":42.6,"temp":72.6,"prss":98185.25,"lght":0.39,"dspl":"R-PI Olivier's Office"},{"time":"2014-12-11T02:25:49.1033320Z","hmdt":46.7,"temp":70.7,"prss":98050.0,"lght":0.12,"dspl":"R-Pi Redmond b9/1508"},{"time":"2014-12-11T02:26:07.7875420Z","hmdt":45.3,"temp":74.4,"prss":98107.5,"lght":0.05,"dspl":"R-Pi Elisa"},{"time":"2014-12-11T02:26:12.8173370Z","hmdt":45.3,"temp":74.4,"prss":98110.5,"lght":0.05,"dspl":"R-Pi Elisa"},{"time":"2014-12-11T02:24:46.7200600Z","hmdt":46.7,"temp":70.8,"prss":98050.0,"lght":0.12,"dspl":"R-Pi Redmond b9/1508"},{"time":"2014-12-11T02:25:05.3911730Z","hmdt":45.2,"temp":74.4,"prss":98103.5,"lght":0.05,"dspl":"R-Pi Elisa"},{"time":"2014-12-11T02:25:23.9496030Z","hmdt":46.7,"temp":70.8,"prss":98052.5,"lght":0.12,"dspl":"R-Pi Redmond b9/1508"},{"time":"2014-12-11T02:25:43.1768130Z","hmdt":42.6,"temp":72.6,"prss":98191.0,"lght":0.19,"dspl":"R-PI Olivier's Office"},{"time":"2014-12-11T02:26:02.1813000Z","hmdt":46.8,"temp":70.8,"prss":98050.25,"lght":0.12,"dspl":"R-Pi Redmond b9/1508"},{"time":"2014-12-11T02:24:51.2785190Z","hmdt":45.2,"temp":74.4,"prss":98103.25,"lght":0.05,"dspl":"R-Pi Elisa"},{"time":"2014-12-11T02:25:10.4238830Z","hmdt":45.2,"temp":74.4,"prss":98102.75,"lght":0.05,"dspl":"R-Pi Elisa"},{"time":"2014-12-11T02:25:29.0953580Z","hmdt":42.6,"temp":72.6,"prss":98186.5,"lght":0.38,"dspl":"R-PI Olivier's Office"},{"time":"2014-12-11T02:25:47.6601740Z","hmdt":45.3,"temp":74.4,"prss":98104.75,"lght":0.05,"dspl":"R-Pi Elisa"},{"time":"2014-12-11T02:26:06.7811950Z","hmdt":45.3,"temp":74.4,"prss":98108.75,"lght":0.05,"dspl":"R-Pi Elisa"},{"time":"2014-12-11T02:24:42.6898150Z","hmdt":46.7,"temp":70.8,"prss":98049.5,"lght":0.12,"dspl":"R-Pi Redmond b9/1508"},{"time":"2014-12-11T02:25:00.3554340Z","hmdt":45.2,"temp":74.4,"prss":98103.25,"lght":0.06,"dspl":"R-Pi Elisa"},{"time":"2014-12-11T02:25:19.4850600Z","hmdt":45.2,"temp":74.4,"prss":98105.5,"lght":0.05,"dspl":"R-Pi Elisa"},{"time":"2014-12-11T02:25:39.0379470Z","hmdt":46.7,"temp":70.8,"prss":98051.25,"lght":0.12,"dspl":"R-Pi Redmond b9/1508"},{"time":"2014-12-11T02:25:57.7272370Z","hmdt":45.2,"temp":74.4,"prss":98100.75,"lght":0.06,"dspl":"R-Pi Elisa"},{"time":"2014-12-11T02:26:15.8352370Z","hmdt":45.3,"temp":74.4,"prss":98112.5,"lght":0.05,"dspl":"R-Pi Elisa"},{"time":"2014-12-11T02:24:59.3490370Z","hmdt":45.2,"temp":74.4,"prss":98105.25,"lght":0.05,"dspl":"R-Pi Elisa"},{"time":"2014-12-11T02:25:18.4782570Z","hmdt":45.2,"temp":74.4,"prss":98105.75,"lght":0.05,"dspl":"R-Pi Elisa"},{"time":"2014-12-11T02:25:37.1422190Z","hmdt":42.6,"temp":72.6,"prss":98188.75,"lght":0.24,"dspl":"R-PI Olivier's Office"},{"time":"2014-12-11T02:25:56.7206870Z","hmdt":45.2,"temp":74.4,"prss":98107.0,"lght":0.05,"dspl":"R-Pi Elisa"},{"time":"2014-12-11T02:26:14.8293620Z","hmdt":45.3,"temp":74.4,"prss":98109.25,"lght":0.06,"dspl":"R-Pi Elisa"},{"time":"2014-12-11T02:24:48.8320920Z","hmdt":42.7,"temp":72.6,"prss":98185.5,"lght":0.38,"dspl":"R-PI Olivier's Office"},{"time":"2014-12-11T02:25:07.9607560Z","hmdt":42.6,"temp":72.6,"prss":98187.25,"lght":0.37,"dspl":"R-PI Olivier's Office"},{"time":"2014-12-11T02:25:26.5328780Z","hmdt":45.2,"temp":74.4,"prss":98102.25,"lght":0.06,"dspl":"R-Pi Elisa"},{"time":"2014-12-11T02:25:45.6477390Z","hmdt":45.3,"temp":74.4,"prss":98100.25,"lght":0.05,"dspl":"R-Pi Elisa"},{"time":"2014-12-11T02:26:04.7691980Z","hmdt":45.3,"temp":74.4,"prss":98109.5,"lght":0.06,"dspl":"R-Pi Elisa"},{"time":"2014-12-11T02:24:55.8783820Z","hmdt":42.7,"temp":72.6,"prss":98184.0,"lght":0.38,"dspl":"R-PI Olivier's Office"},{"time":"2014-12-11T02:25:15.4577770Z","hmdt":45.2,"temp":74.4,"prss":98104.75,"lght":0.05,"dspl":"R-Pi Elisa"},{"time":"2014-12-11T02:25:33.5809180Z","hmdt":45.2,"temp":74.4,"prss":98100.5,"lght":0.06,"dspl":"R-Pi Elisa"},{"time":"2014-12-11T02:25:52.6900240Z","hmdt":45.3,"temp":74.4,"prss":98101.75,"lght":0.06,"dspl":"R-Pi Elisa"},{"time":"2014-12-11T02:26:11.3420140Z","hmdt":42.5,"temp":72.7,"prss":98192.25,"lght":0.38,"dspl":"R-PI Olivier's Office"},{"time":"2014-12-11T02:24:45.7141370Z","hmdt":46.7,"temp":70.8,"prss":98047.5,"lght":0.12,"dspl":"R-Pi Redmond b9/1508"},{"time":"2014-12-11T02:25:03.9344550Z","hmdt":42.7,"temp":72.6,"prss":98186.0,"lght":0.38,"dspl":"R-PI Olivier's Office"},{"time":"2014-12-11T02:25:22.9436660Z","hmdt":46.7,"temp":70.7,"prss":98052.25,"lght":0.12,"dspl":"R-Pi Redmond b9/1508"},{"time":"2014-12-11T02:25:42.1709620Z","hmdt":42.6,"temp":72.6,"prss":98188.25,"lght":0.19,"dspl":"R-PI Olivier's Office"},{"time":"2014-12-11T02:26:00.7452220Z","hmdt":45.3,"temp":74.4,"prss":98102.75,"lght":0.06,"dspl":"R-Pi Elisa"},{"time":"2014-12-11T02:24:44.7084480Z","hmdt":46.7,"temp":70.8,"prss":98050.25,"lght":0.12,"dspl":"R-Pi Redmond b9/1508"},{"time":"2014-12-11T02:25:02.8265450Z","hmdt":46.7,"temp":70.8,"prss":98053.5,"lght":0.12,"dspl":"R-Pi Redmond b9/1508"},{"time":"2014-12-11T02:25:21.9379470Z","hmdt":46.7,"temp":70.8,"prss":98054.0,"lght":0.12,"dspl":"R-Pi Redmond b9/1508"},{"time":"2014-12-11T02:25:41.0496540Z","hmdt":46.7,"temp":70.8,"prss":98050.75,"lght":0.12,"dspl":"R-Pi Redmond b9/1508"},{"time":"2014-12-11T02:25:59.7394620Z","hmdt":45.3,"temp":74.4,"prss":98107.5,"lght":0.06,"dspl":"R-Pi Elisa"},{"time":"2014-12-11T02:26:18.3893870Z","hmdt":42.5,"temp":72.7,"prss":98189.5,"lght":0.39,"dspl":"R-PI Olivier's Office"},{"time":"2014-12-11T02:24:50.2720770Z","hmdt":45.2,"temp":74.4,"prss":98105.0,"lght":0.06,"dspl":"R-Pi Elisa"},{"time":"2014-12-11T02:25:09.4173840Z","hmdt":45.2,"temp":74.4,"prss":98104.75,"lght":0.05,"dspl":"R-Pi Elisa"},{"time":"2014-12-11T02:25:27.5398500Z","hmdt":45.2,"temp":74.4,"prss":98105.25,"lght":0.05,"dspl":"R-Pi Elisa"},{"time":"2014-12-11T02:25:46.6536520Z","hmdt":45.3,"temp":74.3,"prss":98098.0,"lght":0.06,"dspl":"R-Pi Elisa"},{"time":"2014-12-11T02:26:05.7751760Z","hmdt":45.3,"temp":74.4,"prss":98107.5,"lght":0.06,"dspl":"R-Pi Elisa"},{"time":"2014-12-11T02:26:19.8601900Z","hmdt":45.3,"temp":74.4,"prss":98109.75,"lght":0.06,"dspl":"R-Pi Elisa"},{"time":"2014-12-11T02:24:54.8718250Z","hmdt":42.7,"temp":72.6,"prss":98182.5,"lght":0.39,"dspl":"R-PI Olivier's Office"},{"time":"2014-12-11T02:25:14.0021710Z","hmdt":42.6,"temp":72.6,"prss":98188.0,"lght":0.38,"dspl":"R-PI Olivier's Office"},{"time":"2014-12-11T02:25:32.5738430Z","hmdt":45.2,"temp":74.4,"prss":98106.25,"lght":0.05,"dspl":"R-Pi Elisa"},{"time":"2014-12-11T02:25:51.1150010Z","hmdt":46.7,"temp":70.7,"prss":98052.0,"lght":0.12,"dspl":"R-Pi Redmond b9/1508"},{"time":"2014-12-11T02:26:10.2362100Z","hmdt":46.8,"temp":70.8,"prss":98057.5,"lght":0.12,"dspl":"R-Pi Redmond b9/1508"},{"time":"2014-12-11T02:26:20.8661660Z","hmdt":45.3,"temp":74.4,"prss":98111.75,"lght":0.05,"dspl":"R-Pi Elisa"},{"time":"2014-12-11T02:26:22.8787120Z","hmdt":45.3,"temp":74.4,"prss":98109.0,"lght":0.06,"dspl":"R-Pi Elisa"},{"time":"2014-12-11T02:26:23.8846510Z","hmdt":45.2,"temp":74.4,"prss":98112.5,"lght":0.05,"dspl":"R-Pi Elisa"},{"time":"2014-12-11T02:26:24.8907390Z","hmdt":45.2,"temp":74.4,"prss":98112.0,"lght":0.06,"dspl":"R-Pi Elisa"},{"time":"2014-12-11T02:26:26.3431280Z","hmdt":46.7,"temp":70.8,"prss":98056.0,"lght":0.12,"dspl":"R-Pi Redmond b9/1508"},{"time":"2014-12-11T02:24:57.8917340Z","hmdt":42.7,"temp":72.6,"prss":98190.5,"lght":0.38,"dspl":"R-PI Olivier's Office"},{"time":"2014-12-11T02:25:17.4713410Z","hmdt":45.2,"temp":74.4,"prss":98102.75,"lght":0.06,"dspl":"R-Pi Elisa"},{"time":"2014-12-11T02:25:35.1308970Z","hmdt":42.6,"temp":72.7,"prss":98191.5,"lght":0.21,"dspl":"R-PI Olivier's Office"},{"time":"2014-12-11T02:25:55.2463230Z","hmdt":42.5,"temp":72.6,"prss":98189.25,"lght":0.18,"dspl":"R-PI Olivier's Office"},{"time":"2014-12-11T02:26:13.8233300Z","hmdt":45.3,"temp":74.4,"prss":98110.0,"lght":0.06,"dspl":"R-Pi Elisa"},{"time":"2014-12-11T02:24:47.8119550Z","hmdt":42.7,"temp":72.6,"prss":98184.5,"lght":0.38,"dspl":"R-PI Olivier's Office"},{"time":"2014-12-11T02:25:06.8498330Z","hmdt":46.7,"temp":70.8,"prss":98054.25,"lght":0.11,"dspl":"R-Pi Redmond b9/1508"},{"time":"2014-12-11T02:25:25.0715430Z","hmdt":42.6,"temp":72.6,"prss":98189.5,"lght":0.39,"dspl":"R-PI Olivier's Office"},{"time":"2014-12-11T02:25:44.6418410Z","hmdt":45.3,"temp":74.3,"prss":98100.75,"lght":0.06,"dspl":"R-Pi Elisa"},{"time":"2014-12-11T02:26:02.7571520Z","hmdt":45.3,"temp":74.4,"prss":98107.0,"lght":0.05,"dspl":"R-Pi Elisa"},{"time":"2014-12-11T02:26:21.8721700Z","hmdt":45.3,"temp":74.4,"prss":98111.0,"lght":0.06,"dspl":"R-Pi Elisa"},{"time":"2014-12-11T02:24:53.7739330Z","hmdt":46.7,"temp":70.8,"prss":98050.75,"lght":0.12,"dspl":"R-Pi Redmond b9/1508"},{"time":"2014-12-11T02:25:12.9955940Z","hmdt":42.6,"temp":72.6,"prss":98187.5,"lght":0.37,"dspl":"R-PI Olivier's Office"},{"time":"2014-12-11T02:25:31.5668800Z","hmdt":45.2,"temp":74.4,"prss":98104.25,"lght":0.06,"dspl":"R-Pi Elisa"},{"time":"2014-12-11T02:25:50.2173200Z","hmdt":42.5,"temp":72.7,"prss":98191.75,"lght":0.2,"dspl":"R-PI Olivier's Office"},{"time":"2014-12-11T02:26:08.7936270Z","hmdt":45.3,"temp":74.4,"prss":98107.0,"lght":0.06,"dspl":"R-Pi Elisa"},{"time":"2014-12-11T02:26:27.3604000Z","hmdt":46.7,"temp":70.8,"prss":98061.0,"lght":0.12,"dspl":"R-Pi Redmond b9/1508"},{"time":"2014-12-11T02:24:43.7026440Z","hmdt":46.7,"temp":70.8,"prss":98049.5,"lght":0.12,"dspl":"R-Pi Redmond b9/1508"},{"time":"2014-12-11T02:25:01.8207670Z","hmdt":46.7,"temp":70.8,"prss":98049.25,"lght":0.12,"dspl":"R-Pi Redmond b9/1508"},{"time":"2014-12-11T02:25:20.9321890Z","hmdt":46.7,"temp":70.8,"prss":98054.75,"lght":0.12,"dspl":"R-Pi Redmond b9/1508"},{"time":"2014-12-11T02:25:40.0438420Z","hmdt":46.7,"temp":70.8,"prss":98049.5,"lght":0.12,"dspl":"R-Pi Redmond b9/1508"},{"time":"2014-12-11T02:25:58.7332370Z","hmdt":45.3,"temp":74.4,"prss":98107.25,"lght":0.05,"dspl":"R-Pi Elisa"},{"time":"2014-12-11T02:26:17.2824390Z","hmdt":46.7,"temp":70.8,"prss":98059.0,"lght":0.12,"dspl":"R-Pi Redmond b9/1508"},{"time":"2014-12-11T02:26:28.4610410Z","hmdt":42.4,"temp":72.6,"prss":98192.0,"lght":0.39,"dspl":"R-PI Olivier's Office"},{"time":"2014-12-11T02:26:29.9205170Z","hmdt":45.2,"temp":74.4,"prss":98114.0,"lght":0.06,"dspl":"R-Pi Elisa"},{"time":"2014-12-11T02:26:30.9263220Z","hmdt":45.2,"temp":74.4,"prss":98109.75,"lght":0.06,"dspl":"R-Pi Elisa"},{"time":"2014-12-11T02:26:32.3939440Z","hmdt":46.7,"temp":70.8,"prss":98058.5,"lght":0.12,"dspl":"R-Pi Redmond b9/1508"},{"time":"2014-12-11T02:26:33.4003160Z","hmdt":46.7,"temp":70.8,"prss":98060.75,"lght":0.12,"dspl":"R-Pi Redmond b9/1508"},{"time":"2014-12-11T02:26:34.4959590Z","hmdt":42.4,"temp":72.6,"prss":98186.0,"lght":0.4,"dspl":"R-PI Olivier's Office"},{"time":"2014-12-11T02:26:35.9565640Z","hmdt":45.2,"temp":74.5,"prss":98114.25,"lght":0.06,"dspl":"R-Pi Elisa"},{"time":"2014-12-11T02:26:37.4267730Z","hmdt":46.7,"temp":70.9,"prss":98064.25,"lght":0.12,"dspl":"R-Pi Redmond b9/1508"},{"time":"2014-12-11T02:26:38.4368720Z","hmdt":46.7,"temp":70.9,"prss":98060.5,"lght":0.12,"dspl":"R-Pi Redmond b9/1508"},{"time":"2014-12-11T02:26:39.4436890Z","hmdt":46.7,"temp":70.9,"prss":98057.5,"lght":0.12,"dspl":"R-Pi Redmond b9/1508"},{"time":"2014-12-11T02:26:40.5343560Z","hmdt":42.4,"temp":72.6,"prss":98191.0,"lght":0.4,"dspl":"R-PI Olivier's Office"},{"time":"2014-12-11T02:26:41.5401160Z","hmdt":42.4,"temp":72.6,"prss":98191.5,"lght":0.39,"dspl":"R-PI Olivier's Office"},{"time":"2014-12-11T02:26:42.5463650Z","hmdt":42.4,"temp":72.6,"prss":98189.25,"lght":0.39,"dspl":"R-PI Olivier's Office"},{"time":"2014-12-11T02:26:43.5521590Z","hmdt":42.4,"temp":72.6,"prss":98191.25,"lght":0.4,"dspl":"R-PI Olivier's Office"},{"time":"2014-12-11T02:26:44.4624210Z","hmdt":46.6,"temp":70.9,"prss":98054.0,"lght":0.12,"dspl":"R-Pi Redmond b9/1508"},{"time":"2014-12-11T02:26:45.5644520Z","hmdt":42.4,"temp":72.6,"prss":98192.75,"lght":0.4,"dspl":"R-PI Olivier's Office"},{"time":"2014-12-11T02:26:47.0238540Z","hmdt":45.2,"temp":74.4,"prss":98108.75,"lght":0.06,"dspl":"R-Pi Elisa"},{"time":"2014-12-11T02:26:48.0378650Z","hmdt":45.2,"temp":74.4,"prss":98108.25,"lght":0.05,"dspl":"R-Pi Elisa"},{"time":"2014-12-11T02:26:49.4910360Z","hmdt":46.6,"temp":70.9,"prss":98060.0,"lght":0.12,"dspl":"R-Pi Redmond b9/1508"},{"time":"2014-12-11T02:26:50.5988640Z","hmdt":42.4,"temp":72.6,"prss":98191.0,"lght":0.39,"dspl":"R-PI Olivier's Office"},{"time":"2014-12-11T02:26:51.6046840Z","hmdt":42.4,"temp":72.6,"prss":98190.5,"lght":0.39,"dspl":"R-PI Olivier's Office"},{"time":"2014-12-11T02:26:53.0695190Z","hmdt":45.2,"temp":74.4,"prss":98110.25,"lght":0.06,"dspl":"R-Pi Elisa"},{"time":"2014-12-11T02:26:54.0756450Z","hmdt":45.2,"temp":74.4,"prss":98110.75,"lght":0.06,"dspl":"R-Pi Elisa"},{"time":"2014-12-11T02:26:55.5325870Z","hmdt":46.5,"temp":70.9,"prss":98055.75,"lght":0.12,"dspl":"R-Pi Redmond b9/1508"},{"time":"2014-12-11T02:26:56.5384800Z","hmdt":46.5,"temp":70.9,"prss":98063.25,"lght":0.12,"dspl":"R-Pi Redmond b9/1508"},{"time":"2014-12-11T02:26:57.6390250Z","hmdt":42.4,"temp":72.6,"prss":98190.25,"lght":0.39,"dspl":"R-PI Olivier's Office"},{"time":"2014-12-11T02:26:59.1122900Z","hmdt":45.2,"temp":74.5,"prss":98113.5,"lght":0.06,"dspl":"R-Pi Elisa"},{"time":"2014-12-11T02:27:00.1189110Z","hmdt":45.2,"temp":74.5,"prss":98111.0,"lght":0.05,"dspl":"R-Pi Elisa"},{"time":"2014-12-11T02:27:01.1248280Z","hmdt":45.2,"temp":74.4,"prss":98107.75,"lght":0.06,"dspl":"R-Pi Elisa"},{"time":"2014-12-11T02:27:02.1308950Z","hmdt":45.2,"temp":74.4,"prss":98108.75,"lght":0.05,"dspl":"R-Pi Elisa"},{"time":"2014-12-11T02:27:03.5800440Z","hmdt":46.5,"temp":70.9,"prss":98062.0,"lght":0.12,"dspl":"R-Pi Redmond b9/1508"},{"time":"2014-12-11T02:27:04.5859020Z","hmdt":46.5,"temp":70.9,"prss":98060.5,"lght":0.12,"dspl":"R-Pi Redmond b9/1508"},{"time":"2014-12-11T02:27:05.5923150Z","hmdt":46.4,"temp":71.0,"prss":98062.75,"lght":0.12,"dspl":"R-Pi Redmond b9/1508"},{"time":"2014-12-11T02:27:06.6904680Z","hmdt":42.4,"temp":72.6,"prss":98193.25,"lght":0.39,"dspl":"R-PI Olivier's Office"},{"time":"2014-12-11T02:27:08.1673760Z","hmdt":45.2,"temp":74.4,"prss":98110.75,"lght":0.05,"dspl":"R-Pi Elisa"},{"time":"2014-12-11T02:27:09.1734180Z","hmdt":45.2,"temp":74.4,"prss":98110.0,"lght":0.06,"dspl":"R-Pi Elisa"},{"time":"2014-12-11T02:27:10.1800030Z","hmdt":45.2,"temp":74.5,"prss":98111.5,"lght":0.05,"dspl":"R-Pi Elisa"},{"time":"2014-12-11T02:27:11.6286670Z","hmdt":46.4,"temp":71.0,"prss":98061.75,"lght":0.12,"dspl":"R-Pi Redmond b9/1508"},{"time":"2014-12-11T02:27:12.6344090Z","hmdt":46.4,"temp":71.0,"prss":98062.25,"lght":0.12,"dspl":"R-Pi Redmond b9/1508"},{"time":"2014-12-11T02:27:13.6403010Z","hmdt":46.4,"temp":70.9,"prss":98060.75,"lght":0.12,"dspl":"R-Pi Redmond b9/1508"},{"time":"2014-12-11T02:27:14.7388400Z","hmdt":42.3,"temp":72.5,"prss":98193.25,"lght":0.01,"dspl":"R-PI Olivier's Office"},{"time":"2014-12-11T02:27:15.7454600Z","hmdt":42.4,"temp":72.5,"prss":98193.0,"lght":0.39,"dspl":"R-PI Olivier's Office"},{"time":"2014-12-11T02:27:16.7517040Z","hmdt":42.4,"temp":72.5,"prss":98192.5,"lght":0.39,"dspl":"R-PI Olivier's Office"},{"time":"2014-12-11T02:27:17.7612070Z","hmdt":42.4,"temp":72.5,"prss":98192.75,"lght":0.39,"dspl":"R-PI Olivier's Office"},{"time":"2014-12-11T02:27:18.7754250Z","hmdt":42.4,"temp":72.5,"prss":98191.0,"lght":0.39,"dspl":"R-PI Olivier's Office"},{"time":"2014-12-11T02:27:19.7817100Z","hmdt":42.4,"temp":72.5,"prss":98186.5,"lght":0.4,"dspl":"R-PI Olivier's Office"},{"time":"2014-12-11T02:27:20.7879750Z","hmdt":42.4,"temp":72.5,"prss":98189.25,"lght":0.39,"dspl":"R-PI Olivier's Office"},{"time":"2014-12-11T02:27:21.7955740Z","hmdt":42.4,"temp":72.5,"prss":98184.5,"lght":0.39,"dspl":"R-PI Olivier's Office"},{"time":"2014-12-11T02:27:22.8022340Z","hmdt":42.4,"temp":72.5,"prss":98184.75,"lght":0.39,"dspl":"R-PI Olivier's Office"},{"time":"2014-12-11T02:27:24.2811450Z","hmdt":45.2,"temp":74.4,"prss":98112.5,"lght":0.06,"dspl":"R-Pi Elisa"},{"time":"2014-12-11T02:27:25.2871220Z","hmdt":45.2,"temp":74.4,"prss":98109.75,"lght":0.05,"dspl":"R-Pi Elisa"},{"time":"2014-12-11T02:27:26.7168710Z","hmdt":46.3,"temp":71.0,"prss":98069.5,"lght":0.12,"dspl":"R-Pi Redmond b9/1508"},{"time":"2014-12-11T02:27:27.8357540Z","hmdt":42.4,"temp":72.5,"prss":98189.25,"lght":0.38,"dspl":"R-PI Olivier's Office"},{"time":"2014-12-11T02:27:28.8423840Z","hmdt":42.4,"temp":72.5,"prss":98187.0,"lght":0.39,"dspl":"R-PI Olivier's Office"},{"time":"2014-12-11T02:27:30.3175710Z","hmdt":45.2,"temp":74.4,"prss":98112.75,"lght":0.05,"dspl":"R-Pi Elisa"},{"time":"2014-12-11T02:27:31.3234100Z","hmdt":45.2,"temp":74.5,"prss":98114.5,"lght":0.05,"dspl":"R-Pi Elisa"},{"time":"2014-12-11T02:27:32.7518560Z","hmdt":46.3,"temp":71.0,"prss":98066.5,"lght":0.12,"dspl":"R-Pi Redmond b9/1508"},{"time":"2014-12-11T02:27:33.7577180Z","hmdt":46.3,"temp":71.0,"prss":98067.25,"lght":0.12,"dspl":"R-Pi Redmond b9/1508"},{"time":"2014-12-11T02:27:34.8816510Z","hmdt":42.4,"temp":72.5,"prss":98191.25,"lght":0.38,"dspl":"R-PI Olivier's Office"},{"time":"2014-12-11T02:27:35.8886750Z","hmdt":42.4,"temp":72.5,"prss":98190.5,"lght":0.39,"dspl":"R-PI Olivier's Office"},{"time":"2014-12-11T02:27:36.8949060Z","hmdt":42.4,"temp":72.5,"prss":98193.0,"lght":0.39,"dspl":"R-PI Olivier's Office"},{"time":"2014-12-11T02:27:37.9014170Z","hmdt":42.4,"temp":72.5,"prss":98194.25,"lght":0.39,"dspl":"R-PI Olivier's Office"},{"time":"2014-12-11T02:27:38.9082960Z","hmdt":42.4,"temp":72.5,"prss":98192.5,"lght":0.4,"dspl":"R-PI Olivier's Office"},{"time":"2014-12-11T02:27:39.9147630Z","hmdt":42.4,"temp":72.5,"prss":98195.0,"lght":0.39,"dspl":"R-PI Olivier's Office"},{"time":"2014-12-11T02:27:40.9209640Z","hmdt":42.4,"temp":72.5,"prss":98192.25,"lght":0.39,"dspl":"R-PI Olivier's Office"},{"time":"2014-12-11T02:27:41.9274500Z","hmdt":42.4,"temp":72.5,"prss":98192.0,"lght":0.4,"dspl":"R-PI Olivier's Office"},{"time":"2014-12-11T02:27:42.9336320Z","hmdt":42.4,"temp":72.5,"prss":98195.5,"lght":0.39,"dspl":"R-PI Olivier's Office"},{"time":"2014-12-11T02:27:44.4021330Z","hmdt":45.1,"temp":74.5,"prss":98117.75,"lght":0.05,"dspl":"R-Pi Elisa"},{"time":"2014-12-11T02:27:45.4080760Z","hmdt":45.1,"temp":74.5,"prss":98119.75,"lght":0.06,"dspl":"R-Pi Elisa"},{"time":"2014-12-11T02:27:46.4138540Z","hmdt":45.1,"temp":74.5,"prss":98116.0,"lght":0.06,"dspl":"R-Pi Elisa"},{"time":"2014-12-11T02:27:47.4199060Z","hmdt":45.1,"temp":74.5,"prss":98118.75,"lght":0.06,"dspl":"R-Pi Elisa"},{"time":"2014-12-11T02:27:48.4258090Z","hmdt":45.1,"temp":74.5,"prss":98118.75,"lght":0.06,"dspl":"R-Pi Elisa"},{"time":"2014-12-11T02:27:49.8592740Z","hmdt":46.3,"temp":71.0,"prss":98069.25,"lght":0.12,"dspl":"R-Pi Redmond b9/1508"},{"time":"2014-12-11T02:27:50.8693560Z","hmdt":46.3,"temp":71.0,"prss":98069.0,"lght":0.12,"dspl":"R-Pi Redmond b9/1508"},{"time":"2014-12-11T02:27:51.9932850Z","hmdt":42.4,"temp":72.4,"prss":98194.0,"lght":0.39,"dspl":"R-PI Olivier's Office"},{"time":"2014-12-11T02:27:53.0037920Z","hmdt":42.4,"temp":72.4,"prss":98194.25,"lght":0.39,"dspl":"R-PI Olivier's Office"},{"time":"2014-12-11T02:27:54.4634630Z","hmdt":45.1,"temp":74.5,"prss":98118.0,"lght":0.06,"dspl":"R-Pi Elisa"},{"time":"2014-12-11T02:27:55.4695310Z","hmdt":45.1,"temp":74.5,"prss":98118.0,"lght":0.05,"dspl":"R-Pi Elisa"},{"time":"2014-12-11T02:27:56.4760070Z","hmdt":45.1,"temp":74.5,"prss":98118.5,"lght":0.06,"dspl":"R-Pi Elisa"},{"time":"2014-12-11T02:27:57.9106930Z","hmdt":46.2,"temp":71.0,"prss":98070.75,"lght":0.12,"dspl":"R-Pi Redmond b9/1508"},{"time":"2014-12-11T02:27:58.9164230Z","hmdt":46.2,"temp":71.0,"prss":98072.75,"lght":0.12,"dspl":"R-Pi Redmond b9/1508"},{"time":"2014-12-11T02:28:00.0445650Z","hmdt":42.4,"temp":72.4,"prss":98198.0,"lght":0.38,"dspl":"R-PI Olivier's Office"},{"time":"2014-12-11T02:28:01.0615100Z","hmdt":42.4,"temp":72.4,"prss":98195.0,"lght":0.39,"dspl":"R-PI Olivier's Office"},{"time":"2014-12-11T02:28:02.0672380Z","hmdt":42.4,"temp":72.4,"prss":98196.0,"lght":0.4,"dspl":"R-PI Olivier's Office"},{"time":"2014-12-11T02:28:03.0730980Z","hmdt":42.4,"temp":72.4,"prss":98195.75,"lght":0.38,"dspl":"R-PI Olivier's Office"},{"time":"2014-12-11T02:28:04.0788940Z","hmdt":42.4,"temp":72.4,"prss":98195.5,"lght":0.39,"dspl":"R-PI Olivier's Office"},{"time":"2014-12-11T02:28:05.0845010Z","hmdt":42.4,"temp":72.4,"prss":98195.25,"lght":0.39,"dspl":"R-PI Olivier's Office"},{"time":"2014-12-11T02:28:06.0901700Z","hmdt":42.4,"temp":72.4,"prss":98195.25,"lght":0.38,"dspl":"R-PI Olivier's Office"},{"time":"2014-12-11T02:28:07.5585950Z","hmdt":45.0,"temp":74.5,"prss":98116.25,"lght":0.06,"dspl":"R-Pi Elisa"},{"time":"2014-12-11T02:28:08.9899950Z","hmdt":46.2,"temp":71.0,"prss":98069.75,"lght":0.12,"dspl":"R-Pi Redmond b9/1508"},{"time":"2014-12-11T02:28:10.1146060Z","hmdt":42.4,"temp":72.4,"prss":98193.5,"lght":0.39,"dspl":"R-PI Olivier's Office"},{"time":"2014-12-11T02:28:11.5859000Z","hmdt":45.0,"temp":74.5,"prss":98114.25,"lght":0.05,"dspl":"R-Pi Elisa"},{"time":"2014-12-11T02:28:13.0139020Z","hmdt":46.2,"temp":71.0,"prss":98068.0,"lght":0.11,"dspl":"R-Pi Redmond b9/1508"},{"time":"2014-12-11T02:28:14.1389760Z","hmdt":42.4,"temp":72.4,"prss":98190.75,"lght":0.4,"dspl":"R-PI Olivier's Office"},{"time":"2014-12-11T02:28:15.1448830Z","hmdt":42.4,"temp":72.4,"prss":98196.0,"lght":0.39,"dspl":"R-PI Olivier's Office"},{"time":"2014-12-11T02:28:16.1505830Z","hmdt":42.4,"temp":72.4,"prss":98197.5,"lght":0.39,"dspl":"R-PI Olivier's Office"},{"time":"2014-12-11T02:28:17.1565690Z","hmdt":42.4,"temp":72.4,"prss":98198.5,"lght":0.4,"dspl":"R-PI Olivier's Office"},{"time":"2014-12-11T02:28:18.6327300Z","hmdt":45.0,"temp":74.5,"prss":98114.75,"lght":0.06,"dspl":"R-Pi Elisa"},{"time":"2014-12-11T02:28:19.6397210Z","hmdt":45.0,"temp":74.5,"prss":98117.0,"lght":0.05,"dspl":"R-Pi Elisa"},{"time":"2014-12-11T02:28:21.0613870Z","hmdt":46.2,"temp":71.0,"prss":98069.5,"lght":0.12,"dspl":"R-Pi Redmond b9/1508"},{"time":"2014-12-11T02:28:22.0672480Z","hmdt":46.2,"temp":71.0,"prss":98063.75,"lght":0.12,"dspl":"R-Pi Redmond b9/1508"},{"time":"2014-12-11T02:28:23.1975080Z","hmdt":42.5,"temp":72.4,"prss":98195.25,"lght":0.39,"dspl":"R-PI Olivier's Office"},{"time":"2014-12-11T02:28:24.2032370Z","hmdt":42.5,"temp":72.4,"prss":98190.0,"lght":0.39,"dspl":"R-PI Olivier's Office"},{"time":"2014-12-11T02:28:25.2090600Z","hmdt":42.5,"temp":72.4,"prss":98187.25,"lght":0.39,"dspl":"R-PI Olivier's Office"},{"time":"2014-12-11T02:28:26.2145820Z","hmdt":42.5,"temp":72.4,"prss":98184.75,"lght":0.39,"dspl":"R-PI Olivier's Office"},{"time":"2014-12-11T02:28:27.6935460Z","hmdt":45.0,"temp":74.5,"prss":98115.75,"lght":0.06,"dspl":"R-Pi Elisa"},{"time":"2014-12-11T02:28:28.7022250Z","hmdt":45.0,"temp":74.5,"prss":98115.0,"lght":0.06,"dspl":"R-Pi Elisa"},{"time":"2014-12-11T02:28:30.1147440Z","hmdt":46.3,"temp":71.0,"prss":98066.75,"lght":0.12,"dspl":"R-Pi Redmond b9/1508"},{"time":"2014-12-11T02:28:31.2446820Z","hmdt":42.5,"temp":72.4,"prss":98182.5,"lght":0.38,"dspl":"R-PI Olivier's Office"},{"time":"2014-12-11T02:28:32.7390370Z","hmdt":45.0,"temp":74.5,"prss":98115.75,"lght":0.05,"dspl":"R-Pi Elisa"},{"time":"2014-12-11T02:28:33.7453600Z","hmdt":45.0,"temp":74.5,"prss":98116.5,"lght":0.06,"dspl":"R-Pi Elisa"},{"time":"2014-12-11T02:28:34.7518630Z","hmdt":45.0,"temp":74.5,"prss":98117.25,"lght":0.06,"dspl":"R-Pi Elisa"},{"time":"2014-12-11T02:28:36.1515870Z","hmdt":46.3,"temp":71.0,"prss":98067.75,"lght":0.12,"dspl":"R-Pi Redmond b9/1508"},{"time":"2014-12-11T02:28:37.2798820Z","hmdt":42.6,"temp":72.5,"prss":98186.5,"lght":0.38,"dspl":"R-PI Olivier's Office"},{"time":"2014-12-11T02:28:38.2855790Z","hmdt":42.6,"temp":72.5,"prss":98186.75,"lght":0.27,"dspl":"R-PI Olivier's Office"},{"time":"2014-12-11T02:28:39.2914610Z","hmdt":42.6,"temp":72.5,"prss":98186.25,"lght":0.32,"dspl":"R-PI Olivier's Office"},{"time":"2014-12-11T02:28:40.8009710Z","hmdt":45.0,"temp":74.5,"prss":98116.5,"lght":0.05,"dspl":"R-Pi Elisa"},{"time":"2014-12-11T02:28:41.8078860Z","hmdt":45.0,"temp":74.5,"prss":98116.25,"lght":0.05,"dspl":"R-Pi Elisa"},{"time":"2014-12-11T02:28:43.1977140Z","hmdt":46.2,"temp":71.0,"prss":98067.5,"lght":0.12,"dspl":"R-Pi Redmond b9/1508"},{"time":"2014-12-11T02:28:44.2034290Z","hmdt":46.2,"temp":71.0,"prss":98073.5,"lght":0.12,"dspl":"R-Pi Redmond b9/1508"},{"time":"2014-12-11T02:28:45.3284160Z","hmdt":42.7,"temp":72.5,"prss":98190.75,"lght":0.01,"dspl":"R-PI Olivier's Office"},{"time":"2014-12-11T02:28:46.3340090Z","hmdt":42.7,"temp":72.5,"prss":98193.0,"lght":0.01,"dspl":"R-PI Olivier's Office"},{"time":"2014-12-11T02:28:48.2379630Z","hmdt":46.2,"temp":71.0,"prss":98066.5,"lght":0.12,"dspl":"R-Pi Redmond b9/1508"},{"time":"2014-12-11T02:28:49.3520550Z","hmdt":42.7,"temp":72.5,"prss":98192.0,"lght":0.01,"dspl":"R-PI Olivier's Office"},{"time":"2014-12-11T02:28:50.3577400Z","hmdt":42.6,"temp":72.5,"prss":98192.5,"lght":0.38,"dspl":"R-PI Olivier's Office"},{"time":"2014-12-11T02:28:51.3633530Z","hmdt":42.6,"temp":72.5,"prss":98190.5,"lght":0.37,"dspl":"R-PI Olivier's Office"},{"time":"2014-12-11T02:28:52.8733650Z","hmdt":45.0,"temp":74.5,"prss":98118.25,"lght":0.06,"dspl":"R-Pi Elisa"},{"time":"2014-12-11T02:28:54.2777250Z","hmdt":46.3,"temp":71.0,"prss":98067.75,"lght":0.12,"dspl":"R-Pi Redmond b9/1508"}]
