{
  "scriptFile": "__init__.py",
  "bindings": [
    {
      "type": "cosmosDBTrigger",
      "name": "docs",
      "direction": "in",
      "leaseCollectionName": "leases",
      "connectionStringSetting": "MyCosmosDBConnectionString",
      "databaseName": "testdb",
      "collectionName": "testcol01",
      "createLeaseCollectionIfNotExists": true
    },
    {
      "direction": "out",
      "type": "cosmosDB",
      "name": "outdoc",
      "databaseName": "testdb",
      "collectionName": "testcol02",
      "leaseCollectionName": "leases",
      "createLeaseCollectionIfNotExists": true,
      "connectionStringSetting": "MyCosmosDBConnectionString",
      "createIfNotExists": true
    }
  ]
}
