{
  "bindings": [
    {
      "type": "cosmosDBTrigger",
      "name": "triggeredCosmosdb",
      "connectionStringSetting": "yoichikademo1_DOCUMENTDB",
      "databaseName": "mydb",
      "collectionName": "mycontent",
      "leaseCollectionName": "mycontent_leaves",
      "createLeaseCollectionIfNotExists": true,
      "direction": "in"
    },
    {
      "type": "documentDB",
      "name": "inputCosmosdb",
      "databaseName": "mydb",
      "collectionName": "mycontent",
      "connection": "yoichikademo1_DOCUMENTDB",
      "direction": "in"
    }
  ],
  "disabled": false
}
